{
  "feature_mean": [
    13.527109146118164,
    0.22536620497703552,
    0.0002752173168119043,
    -0.0010131041053682566,
    0.037579670548439026,
    0.00836300477385521,
    0.2662055194377899,
    0.007896126247942448,
    0.5126471519470215,
    0.2011975646018982,
    0.14788654446601868,
    0.13826873898506165,
    0.0
  ],
  "feature_std": [
    11.906493186950684,
    0.15053309500217438,
    0.7071136832237244,
    0.7070024013519287,
    0.7022835612297058,
    0.7090296745300293,
    0.43831008672714233,
    0.08821375668048859,
    0.49987608194351196,
    0.3978077173233032,
    0.35373738408088684,
    0.34573712944984436,
    1.0
  ],
  "target_mean": 13.533239364624023,
  "target_std": 11.914616584777832
}